<?xml version="1.0" encoding="utf-8" ?>
<Defs>

<!-- BruteSledge -->

 <ThingDef ParentName="BaseMeleeWeapon_Blunt_Quality">
    <defName>HU_BruteHamaxe</defName>
    <label>Brute Hamaxe</label>
    <description>A Heavy Custom Hammer Used by Brutes to crush their enemy's in combat. Includes both an Hammer and am Axe for both Blunt and Sharp Damage.</description>
    <graphicData>
      <texPath>Weapons/Melee/HU_BruteHamaxe</texPath>
      <graphicClass>Graphic_Single</graphicClass>
    </graphicData>
    <uiIconScale>1.2</uiIconScale>
    <techLevel>Medieval</techLevel>
    <costStuffCount>80</costStuffCount>
    <statBases>
      <WorkToMake>16000</WorkToMake>
      <Mass>2</Mass>
    </statBases>
    <equippedAngleOffset>0</equippedAngleOffset>
    <recipeMaker>
      <skillRequirements>
        <Crafting>6</Crafting>
      </skillRequirements>
    </recipeMaker>
    <stuffCategories>
      <li>Metallic</li>
    </stuffCategories>
    <weaponTags>
      <li>HU_meleePirate</li>
    </weaponTags>
    <tools>
      <li>
        <label>handle</label>
        <capacities>
          <li>Poke</li>
        </capacities>
        <power>23</power>
        <cooldownTime>6</cooldownTime>
      </li>
      <li>
        <label>head</label>
        <labelUsedInLogging>false</labelUsedInLogging>
        <capacities>
          <li>Blunt</li>
        </capacities>
        <power>60</power>
        <cooldownTime>5</cooldownTime>
      </li>
	  <li>
        <label>axe</label>
        <capacities>
          <li>Stab</li>
        </capacities>
        <power>30</power>
        <cooldownTime>3.5</cooldownTime>
      </li>
	  <li>
        <label>axe</label>
        <capacities>
          <li>Cut</li>
        </capacities>
        <power>30</power>
        <cooldownTime>3.5</cooldownTime>
      </li>
    </tools>
  </ThingDef>
</Defs>