<?xml version="1.0" encoding="utf-8"?>
<Defs>

<PawnKindDef Name = "HE_brutebase" Abstract = "True">
	<defaultFactionType>Pirate</defaultFactionType>
	<label>Brute</label>
	<race>HE_Brute</race>
	<invNutrition>5</invNutrition>
	<chemicalAddictionChance>0.035</chemicalAddictionChance>
	<baseRecruitDifficulty>1</baseRecruitDifficulty>

</PawnKindDef>

<!-- ============================Brute Soldier============================ -->

<PawnKindDef Name = "HE_BruteSoldierBase" ParentName = "HE_brutebase" Abstract = "True">

	<label>Brute Soldier</label>
	 <apparelAllowHeadgearChance>0.8</apparelAllowHeadgearChance>
	 <itemQuality>Normal</itemQuality>
    <isFighter>true</isFighter>
	<gearHealthRange>
      <min>0.7</min>
      <max>2.0</max>
    </gearHealthRange>
	<apparelMoney>
      <min>600</min>
      <max>2000</max>
	 </apparelMoney>
	  <weaponMoney>
      <min>600</min>
      <max>3000</max>
    </weaponMoney>
	 <techHediffsMoney>
      <min>200</min>
      <max>2000</max>
    </techHediffsMoney>
	<techHediffsChance>0.1</techHediffsChance>
	<techHediffsTags>
      <li>advanced</li>
    </techHediffsTags>
	<backstoryCategories>
        <li>HE_SoldierMBSC</li>
		<li>HE_SoldierRBSC</li>
		<li>HE_SoldierGBSC</li>
    </backstoryCategories>
	<apparelTags>
      <li>IndustrialMilitaryBasic</li>
      <li>IndustrialMilitaryAdvanced</li>
      <li>SpacerMilitary</li>
    </apparelTags>
</PawnKindDef>

<PawnKindDef ParentName = "HE_BruteSoldierBase">
    <defName>HE_BruteSoldierMelee</defName>
	<label>Brute Soldier</label>
	<combatPower>350</combatPower>
	<weaponTags>
		<li>HU_meleePirate</li>
    </weaponTags>
	<backstoryCategories>
        <li>HE_SoldierMBSC</li>
		<li>HE_SoldierGBSC</li>
    </backstoryCategories>
</PawnKindDef>
	
	<PawnKindDef ParentName = "HE_BruteSoldierBase">
    <defName>HE_BruteSoldierShooter</defName>
	<label>Brute Soldier</label>
	<combatPower>500</combatPower>
	<weaponMoney>
      <min>2000</min>
      <max>10000</max>
    </weaponMoney>
	<weaponTags>
		<li>GunHeavy</li>
		<li>SingleUseWeapon</li>
    </weaponTags>
	<backstoryCategories>
        <li>HE_SoldierRBSC</li>
		<li>HE_SoldierGBSC</li>
    </backstoryCategories>
</PawnKindDef>

<!-- ========================Childhood Backstorys======================== -->
	
	<!-- ========================Pirate Backstorys======================== -->

<AlienRace.BackstoryDef>
	<defName>HE_childSoldierBS1</defName>
		<title>Trained From "Birth"</title>
		<titleShort>Soldier</titleShort>
		<baseDescription>Placeholder Text, should be something about being trained in the arts of war by Pirates.</baseDescription>
		<slot>Childhood</slot>
		<skillGains>
			<li>
				<defName>Melee</defName>
				<amount>2</amount>
			</li>
			<li>
				<defName>Shooting</defName>
				<amount>2</amount>
			</li>
		</skillGains>
		<bioAgeRange>
        <min>0</min>
        <max>18</max>
		</bioAgeRange>
		<chronoAgeRange>
        <min>2</min>
        <max>4</max>
		</chronoAgeRange>
		<spawnCategories>
			<li>HE_SoldierMBSC</li>
			<li>HE_SoldierRBSC</li>
		</spawnCategories>
</AlienRace.BackstoryDef>
<AlienRace.BackstoryDef>
	<defName>HE_childSoldierBS2</defName>
		<title>Trained From "Birth"</title>
		<titleShort>Brute Soldier</titleShort>
		<baseDescription>Placeholder Text, should be something about being trained in the art of war by Mercenarys.</baseDescription>
		<slot>Childhood</slot>
		<skillGains>
			<li>
				<defName>Melee</defName>
				<amount>2</amount>
			</li>
			<li>
				<defName>Shooting</defName>
				<amount>2</amount>
			</li>
		</skillGains>
		<bioAgeRange>
        <min>0</min>
        <max>18</max>
		</bioAgeRange>
		<chronoAgeRange>
        <min>2</min>
        <max>4</max>
		</chronoAgeRange>
		<spawnCategories>
			<li>HE_SoldierMBSC</li>
			<li>HE_SoldierRBSC</li>
		</spawnCategories>
</AlienRace.BackstoryDef>

<AlienRace.BackstoryDef>
	<defName>HE_childSoldierBS3</defName>
		<title>Trained From "Birth"</title>
		<titleShort>Brute Soldier</titleShort>
		<baseDescription>Placeholder Text, should be something about being trained in the art of war by Glitterworld companies.</baseDescription>
		<slot>Childhood</slot>
		<skillGains>
			<li>
				<defName>Melee</defName>
				<amount>2</amount>
			</li>
			<li>
				<defName>Shooting</defName>
				<amount>2</amount>
			</li>
		</skillGains>
		<bioAgeRange>
        <min>0</min>
        <max>18</max>
		</bioAgeRange>
		<chronoAgeRange>
        <min>2</min>
        <max>4</max>
		</chronoAgeRange>
		<spawnCategories>
			<li>HE_SoldierMBSC</li>
			<li>HE_SoldierRBSC</li>
		</spawnCategories>
</AlienRace.BackstoryDef>

<AlienRace.BackstoryDef>
	<defName>HE_childSoldierBS4</defName>
		<title>Trained From "Birth"</title>
		<titleShort>Brute Soldier</titleShort>
		<baseDescription>Placeholder Text, should be something about being trained in the arts of war by Orbworld factions </baseDescription>
		<slot>Childhood</slot>
		<skillGains>
			<li>
				<defName>Melee</defName>
				<amount>2</amount>
			</li>
			<li>
				<defName>Shooting</defName>
				<amount>2</amount>
			</li>
		</skillGains>
		<bioAgeRange>
        <min>0</min>
        <max>18</max>
		</bioAgeRange>
		<chronoAgeRange>
        <min>2</min>
        <max>20</max>
		</chronoAgeRange>
		<spawnCategories>
			<li>HE_SoldierMBSC</li>
			<li>HE_SoldierRBSC</li>
		</spawnCategories>
</AlienRace.BackstoryDef>

<!-- ========================Adulthood Backstorys======================== -->

	<!-- ========================Soldier Backstorys======================== -->

		<!-- ========================Melee Backstorys======================== -->
<AlienRace.BackstoryDef>
		<defName>HE_SoldierBSM1</defName>
		<title>Brute Soldier</title>
		<titleShort>Soldier</titleShort>
		<baseDescription>Placeholder Text, Should be About Melee Combat in a Warring Orbworld</baseDescription>
		<slot>Adulthood</slot>
		<skillGains>
			<li>
				<defName>Melee</defName>
				<amount>7</amount>
			</li>
		</skillGains>
		<workDisables>
				<li>Social</li>
		</workDisables>
		<forcedTraits>
        <li>
            <defName>Brawler</defName>
            <chance>80</chance>
        </li>
		</forcedTraits>
	<bioAgeRange>
        <min>18</min>
        <max>200</max>
	</bioAgeRange>
	<chronoAgeRange>
        <min>5</min>
        <max>149</max>
    </chronoAgeRange>
		
		<spawnCategories>
			<li>HE_SoldierMBSC</li>
		</spawnCategories>
</AlienRace.BackstoryDef>

<AlienRace.BackstoryDef>
		<defName>HE_SoldierBSM2</defName>
		<title>Ex-Soldier</title>
		<titleShort>Soldier</titleShort>
		<baseDescription>Placeholder Text, Should be About Melee Combat in a Rimworld</baseDescription>
		<slot>Adulthood</slot>
		<skillGains>
			<li>
				<defName>Melee</defName>
				<amount>7</amount>
			</li>
		</skillGains>
		<workDisables>
				<li>Social</li>
		</workDisables>
		<forcedTraits>
        <li>
            <defName>Brawler</defName>
            <chance>80</chance>
        </li>
		</forcedTraits>
	<bioAgeRange>
        <min>18</min>
        <max>200</max>
	</bioAgeRange>
	<chronoAgeRange>
        <min>5</min>
        <max>149</max>
    </chronoAgeRange>
		
		<spawnCategories>
			<li>HE_SoldierMBSC</li>
		</spawnCategories>
</AlienRace.BackstoryDef>

<AlienRace.BackstoryDef>
		<defName>HE_SoldierBSM3</defName>
		<title>Ex-Soldier</title>
		<titleShort>Soldier</titleShort>
		<baseDescription>Placeholder Text, Should be About Melee Combat in a War-Torn Glitterworld</baseDescription>
		<slot>Adulthood</slot>
		<skillGains>
			<li>
				<defName>Melee</defName>
				<amount>7</amount>
			</li>
		</skillGains>
		<workDisables>
				<li>Social</li>
		</workDisables>
		<forcedTraits>
        <li>
            <defName>Brawler</defName>
            <chance>80</chance>
        </li>
		</forcedTraits>
	<bioAgeRange>
        <min>18</min>
        <max>200</max>
	</bioAgeRange>
	<chronoAgeRange>
        <min>5</min>
        <max>149</max>
    </chronoAgeRange>
		
		<spawnCategories>
			<li>HE_SoldierMBSC</li>
		</spawnCategories>
</AlienRace.BackstoryDef>

<AlienRace.BackstoryDef>
		<defName>HE_SoldierBSM4</defName>
		<title>Brute Pirate</title>
		<titleShort>Pirate</titleShort>
		<baseDescription>Placeholder Text, Should be About Being a Pirate, Just for some shiny things people tend to like</baseDescription>
		<slot>Adulthood</slot>
		<workDisables>
				<li>Social</li>
		</workDisables>
	<bioAgeRange>
        <min>18</min>
        <max>200</max>
	</bioAgeRange>
	<chronoAgeRange>
        <min>5</min>
        <max>149</max>
    </chronoAgeRange>
		
		<spawnCategories>
			<li>HE_SoldierGBSC</li>
		</spawnCategories>
</AlienRace.BackstoryDef>

		<!-- ========================Shooter Backstorys======================== -->

<AlienRace.BackstoryDef>
		<defName>HE_SoldierBSR1</defName>
		<title>Ex-Soldier</title>
		<titleShort>Soldier</titleShort>
		<baseDescription>Placeholder Text, Should be About Being a Pirate, Being a Lover for Blood and Gore</baseDescription>
		<slot>Adulthood</slot>
		<skillGains>
			<li>
				<defName>Shooting</defName>
				<amount>5</amount>
			</li>
		</skillGains>
		<workDisables>
				<li>Social</li>
		</workDisables>
		<forcedTraits>
      <li>
			<defName>ShootingAccuracy</defName>
			<degree>-1</degree>
			<chance>70</chance>
		</li>
		</forcedTraits>
	<bioAgeRange>
        <min>18</min>
        <max>200</max>
	</bioAgeRange>
	<chronoAgeRange>
        <min>5</min>
        <max>149</max>
    </chronoAgeRange>
		<spawnCategories>
			<li>HE_SoldierRBSC</li>
		</spawnCategories>
</AlienRace.BackstoryDef>
	

			<!-- ========================General Soldier Backstorys======================== -->

<AlienRace.BackstoryDef>
		<defName>HE_SoldierGBS1</defName>
		<title>Bloody Pirate</title>
		<titleShort>Pirate</titleShort>
		<baseDescription>Placeholder Text, Should be About Being a Pirate, joining because he Love's Blood and Gore</baseDescription>
		<slot>Adulthood</slot>
		<skillGains>
			<li>
				<defName>Melee</defName>
				<amount>5</amount>
			</li>
			<li>
				<defName>Shooting</defName>
				<amount>3</amount>
			</li>
		</skillGains>
		<workDisables>
				<li>Social</li>
		</workDisables>
		<forcedTraits>
      <li>
	 <defName>Bloodlust</defName>
		<chance>70</chance>
		</li>
		</forcedTraits>
	<bioAgeRange>
        <min>18</min>
        <max>200</max>
	</bioAgeRange>
	<chronoAgeRange>
        <min>5</min>
        <max>149</max>
    </chronoAgeRange>
		<spawnCategories>
			<li>HE_SoldierMBSC</li>
			<li>HE_SoldierRBSC</li>
		</spawnCategories>
</AlienRace.BackstoryDef>


<!--General Backstories -->

<AlienRace.BackstoryDef>
		<defName>HE_GeneralBS1</defName>
		<title>Brute Worker</title>
		<titleShort>Worker</titleShort>
		<baseDescription>Placeholder Text, Should be About Being a Worker for a Orbworld company for little pay.</baseDescription>
		<slot>Adulthood</slot>
		<workDisables>
				<li>Social</li>
		</workDisables>
	<bioAgeRange>
        <min>18</min>
        <max>200</max>
	</bioAgeRange>
	<chronoAgeRange>
        <min>5</min>
        <max>149</max>
    </chronoAgeRange>
		
		<spawnCategories>
			<li>HE_GeneralBSC</li>
		</spawnCategories>
</AlienRace.BackstoryDef>
	
</Defs>