<?xml version="1.0" encoding="utf-8"?>
<Defs>

<ThingDef Name="BaseBrutePawn" Abstract="True">
    <thingClass>Pawn</thingClass>
    <category>Pawn</category>
    <selectable>true</selectable>
    <tickerType>Normal</tickerType>
    <altitudeLayer>Pawn</altitudeLayer>
    <useHitPoints>false</useHitPoints>
    <hasTooltip>true</hasTooltip>
    <soundImpactDefault>BulletImpact_Flesh</soundImpactDefault>
    <inspectorTabs>
        <li>ITab_Pawn_Health</li>
        <li>ITab_Pawn_Needs</li>
        <li>ITab_Pawn_Character</li>
        <li>ITab_Pawn_Training</li>
        <li>ITab_Pawn_Gear</li>
        <li>ITab_Pawn_Guest</li>
        <li>ITab_Pawn_Prisoner</li>
        <li>ITab_Pawn_Social</li>
        <li>ITab_Pawn_Log</li>
        <li>ITab_Pawn_FormingCaravan</li>
    </inspectorTabs>
    <comps>
        <li>
            <compClass>CompAttachBase</compClass>
        </li>
    </comps>
    <drawGUIOverlay>true</drawGUIOverlay>
</ThingDef>

<AlienRace.ThingDef_AlienRace ParentName="BaseBrutePawn">
    <defName>humanBrute</defName>
    <label>Brute</label>
    <description>Placeholder Text, Should Talk about the brute</description>
	<alienRace>
	
        	<generalSettings>
				<useOnlyPawnkindBackstories>true</useOnlyPawnkindBackstories>
				<maleGenderProbability>1</maleGenderProbability>
				<forcedRaceTraitEntries>
					<li>
						<defName>beauty</defName>
						<degree>3</degree>
					</li>
				</forcedRaceTraitEntries>
				<disallowedTraits>
					<li>industriousness</li>
				</disallowedTraits>
				<immuneToXenophobia>true</immuneToXenophobia>
				<humanRecipeImport>true</humanRecipeImport>
				<alienPartGenerator>
					 <alienbodytypes>
						<li>Hulk</li>
					</alienbodytypes>
					<customDrawSize>(2, 2)</customDrawSize>
					<customHeadDrawSize>(1, 1)</customHeadDrawSize>
					<customPortraitDrawSize>(0.5, 0.5)</customPortraitDrawSize>
					<customPortraitHeadDrawSize>(0.1, 0.1)</customPortraitHeadDrawSize>
					<headOffset>(0.25, 0.15)</headOffset>
				</alienPartGenerator>
        	</generalSettings>
			
        	<graphicPaths>
			<li>
                <body>Brute/Base/</body>
                <head>Brute/Head/</head>
			</li>
        	</graphicPaths>
			
        	<hairSettings>
				<hasHair>true</hasHair>
				<getsGreyAt>70</getsGreyAt>
        	</hairSettings>
			
        	<thoughtSettings>
				<cannotReceiveThoughts>
                <li>Pain</li>
				</cannotReceiveThoughts>
        	</thoughtSettings>
			
        	<relationSettings>
			<renamer>
               <li>
                  <relation>Sibling</relation>
                  <label>Genetic Twin</label>
               </li>
            </renamer>
				<relationChanceModifierLover>0.3</relationChanceModifierLover>
				<relationChanceModifierExLover>0.3</relationChanceModifierExLover>

				<relationChanceModifierFiance>0.1</relationChanceModifierFiance>
				<relationChanceModifierSpouse>0.1</relationChanceModifierSpouse>
				<relationChanceModifierExSpouse>0.1</relationChanceModifierExSpouse>

				<relationChanceModifierParent>0</relationChanceModifierParent>
				<relationChanceModifierChild>0</relationChanceModifierChild>
				<relationChanceModifierSibling>2</relationChanceModifierSibling>
			</relationSettings>
			
			<raceRestriction>

        	</raceRestriction>
    </alienRace>
	
	<statBases>
		<MarketValue>3500</MarketValue>
		<MoveSpeed>3.2</MoveSpeed>
		<Flammability>1.0</Flammability>
		<ComfyTemperatureMin>-3</ComfyTemperatureMin>
		<ComfyTemperatureMax>25</ComfyTemperatureMax>
		<LeatherAmount>125</LeatherAmount>
	</statBases>
	
	<race>
		<nameCategory>HumanStandard</nameCategory>
		<useMeatFrom>Human</useMeatFrom>
		<baseBodySize>2</baseBodySize>
		<baseHealthScale>3.5</baseHealthScale>
		<foodType>OmnivoreHuman</foodType>
		<useLeatherFrom>Human</useLeatherFrom>
		<makesFootprints>true</makesFootprints>
		<lifeExpectancy>200</lifeExpectancy>
		<thinkTreeMain>Humanlike</thinkTreeMain>
		<thinkTreeConstant>HumanlikeConstant</thinkTreeConstant>
		<intelligence>Humanlike</intelligence>
		<body>Human</body>
		<manhunterOnDamageChance>0.60</manhunterOnDamageChance>
		<manhunterOnTameFailChance>0.10</manhunterOnTameFailChance>
		<soundMeleeHitPawn>Pawn_Melee_Punch_HitPawn</soundMeleeHitPawn>
		<soundMeleeHitBuilding>Pawn_Melee_Punch_HitBuilding</soundMeleeHitBuilding>
		<soundMeleeMiss>Pawn_Melee_Punch_Miss</soundMeleeMiss>
	</race>
	
	<tools>
		<li>
			<label>left fist</label>
			<capacities>
				<li>Blunt</li>
			</capacities>
			<power>14</power>
			<cooldownTime>3</cooldownTime>
			<linkedBodyPartsGroup>LeftHand</linkedBodyPartsGroup>
			<surpriseAttack>
				<extraMeleeDamages>
					<li>
						<def>Stun</def>
						<amount>30</amount>
					</li>
				</extraMeleeDamages>
			</surpriseAttack>
		</li>
		<li>
        <label>teeth</label>
        <capacities>
          <li>Bite</li>
        </capacities>
        <power>13</power>
        <cooldownTime>2.5</cooldownTime>
        <linkedBodyPartsGroup>Teeth</linkedBodyPartsGroup>
        <chanceFactor>0.07</chanceFactor>
      </li>
		<li>
			<label>right fist</label>
				<capacities>
					<li>Blunt</li>
			</capacities>
			<power>14</power>
			<cooldownTime>3</cooldownTime>
			<linkedBodyPartsGroup>RightHand</linkedBodyPartsGroup>
			<surpriseAttack>
				<extraMeleeDamages>
				<li>
					<def>Stun</def>
					<amount>30</amount>
				</li>
				</extraMeleeDamages>
			</surpriseAttack>
		</li>
		<li>
			<label>head</label>
			<capacities>
				<li>Blunt</li>
			</capacities>
			<power>10</power>
			<cooldownTime>2</cooldownTime>
			<linkedBodyPartsGroup>HeadAttackTool</linkedBodyPartsGroup>
			<chanceFactor>0.5</chanceFactor>
		</li>	
	</tools>
	<specialShadowData>
        <volume>(0.6, 1.6, 0.8)</volume>
        <offset>(0,0,-0.3)</offset>
      </specialShadowData>
	<ageGenerationCurve>
        <points>
          <li>(18,0)</li>
          <li>(20,100)</li>
          <li>(30,90)</li>
          <li>(60,70)</li>
          <li>(70,40)</li>
          <li>(80,30)</li>
          <li>(150,20)</li>
          <li>(200,1)</li>
        </points>
      </ageGenerationCurve>
	  <hediffGiverSets>
        <li>OrganicStandard</li>
        <li>Human</li>
      </hediffGiverSets>
	<recipes>
      <li>InstallArchotechEye</li>
      <li>InstallArchotechArm</li>
      <li>InstallArchotechLeg</li>
      <li>InstallPowerClaw</li>
      <li>InstallBionicEye</li>
      <li>InstallBionicArm</li>
      <li>InstallBionicLeg</li>
      <li>InstallBionicSpine</li>
      <li>InstallBionicHeart</li>
      <li>InstallBionicStomach</li>
      <li>InstallBionicEar</li>
      <li>InstallSimpleProstheticArm</li>
      <li>InstallSimpleProstheticLeg</li>
      <li>InstallSimpleProstheticHeart</li>
      <li>InstallCochlearImplant</li>
      <li>InstallPegLeg</li>
      <li>InstallDenture</li>
      <li>InstallJoywire</li>
      <li>InstallPainstopper</li>
      <li>InstallNaturalHeart</li>
      <li>InstallNaturalLung</li>
      <li>InstallNaturalKidney</li>
      <li>InstallNaturalLiver</li>
      <li>ExciseCarcinoma</li>
      <li>RemoveBodyPart</li>
      <li>Euthanize</li>
      <li>Anesthetize</li>
    </recipes>

</AlienRace.ThingDef_AlienRace>

</Defs>