<?xml version="1.0" encoding="utf-8"?>
<Defs>

<AlienRace.ThingDef_AlienRace ParentName="BasePawn">
    <defName>humanBrute</defName>
    <label>Brute</label>
    <description>Placeholder Text, Should Talk about the brute</description>
	<alienRace>
	
        	<generalSettings>
				 <maleGenderProbability>1</maleGenderProbability>
				<forcedRaceTraitEntries>
					<li>
						<defName>beauty</defName>
						<degree>3</degree>
					</li>
				</forcedRaceTraitEntries>
				<disallowedTraits>
					<li>industriousness</li>
				</disallowedTraits>
				<immuneToXenophobia>true</immuneToXenophobia>
				<humanRecipeImport>true</humanRecipeImport>
				<alienPartGenerator>
					 <alienbodytypes>
						<li>hulk</li>
					</alienbodytypes>
					<customDrawSize>(2, 2)</customDrawSize>
					<customHeadDrawSize>(1, 1)</customHeadDrawSize>
					<customPortraitDrawSize>(0.5, 0.5)</customPortraitDrawSize>
					<customPortraitHeadDrawSize>(0.1, 0.1)</customPortraitHeadDrawSize>
					<headOffset>(0.25, 0.15)</headOffset>
				</alienPartGenerator>
        	</generalSettings>
			
        	<graphicPaths>
			<li>
                <body>Brute/Base/</body>
                <head>Brute/Head/</head>
			</li>
        	</graphicPaths>
			
        	<hairSettings>
				<hasHair>true</hasHair>
				<getsGreyAt>70</getsGreyAt>
        	</hairSettings>
			
        	<thoughtSettings>
				<cannotReceiveThoughts>
                <li>Pain</li>
				</cannotReceiveThoughts>
        	</thoughtSettings>
			
        	<relationSettings>
			<renamer>
               <li>
                  <relation>Sibling</relation>
                  <label>Genetic Twin</label>
               </li>
            </renamer>
				<relationChanceModifierLover>0.3</relationChanceModifierLover>
				<relationChanceModifierExLover>0.3</relationChanceModifierExLover>

				<relationChanceModifierFiance>0.1</relationChanceModifierFiance>
				<relationChanceModifierSpouse>0.1</relationChanceModifierSpouse>
				<relationChanceModifierExSpouse>0.1</relationChanceModifierExSpouse>

				<relationChanceModifierParent>0</relationChanceModifierParent>
				<relationChanceModifierChild>0</relationChanceModifierChild>
				<relationChanceModifierSibling>2</relationChanceModifierSibling>
			</relationSettings>
			
			<raceRestriction>

        	</raceRestriction>
    </alienRace>
</AlienRace.ThingDef_AlienRace>

</Defs>