<?xml version="1.0" encoding="utf-8"?>
<ModMetaData>
  <name>Humans Extended</name>
  <author>Ty</author>
 	<supportedVersions>
	<li>1.1</li>
	</supportedVersions>
<description>Placeholder Text</description>
  
<!-- <modDependencies>
   <li>
      <packageId>erdelf.HumanoidAlienRaces</packageId>  
      <displayName>Humanoid Alien Races 2.0</displayName>
      <steamWorkshopUrl>https://steamcommunity.com/sharedfiles/filedetails/?id=839005762</steamWorkshopUrl>
   </li>
</modDependencies> -->
<loadBefore>
</loadBefore>
<loadAfter>
<li>Ludeon.Rimworld</li>
<li>erdelf.HumanoidAlienRaces</li>
<li>erdelf752.HumanoidHAlienHRacesH2V0</li>
</loadAfter>
<incompatibleWith />

</ModMetaData>