﻿<?xml version="1.0" encoding="UTF-8"?>
<Defs>
   <!-- ============================ Human Brute Base ========================== -->
   <AlienRace.ThingDef_AlienRace ParentName="HE_Base" Name="HE_Brute">
      <defName>HE_Brute</defName>
      <label>Brute</label>
      <description>Placeholder Text, Should Talk about the brute</description>
      <alienRace>
         <generalSettings>
            <maleGenderProbability>1</maleGenderProbability>
            <immuneToXenophobia>true</immuneToXenophobia>
            <disallowedTraits>
               <li>industriousness</li>
			   <li>Nudist</li>
			   <li>Gourmand</li>
            </disallowedTraits>
			<notXenophobistTowards>
               <li>Human</li>
            </notXenophobistTowards>
            <alienPartGenerator>
			<aliencrowntypes>
                  <li>Average_Normal</li>
				  <li>Average_Pointy</li>
				  <li>Average_Wide</li>
				  <li>Narrow_Normal</li>
				  <li>Narrow_Pointy</li>
				  <li>Narrow_Wide</li> 
               </aliencrowntypes>
               <alienbodytypes>
                  <li>Hulk</li>
               </alienbodytypes>
               <useSkincolorForHair>false</useSkincolorForHair>
               <customDrawSize>(2, 2)</customDrawSize>
               <customHeadDrawSize>(1.25, 1.25)</customHeadDrawSize>
               <customPortraitDrawSize>(0.6, 0.6)</customPortraitDrawSize>
               <customPortraitHeadDrawSize>(0.1, 0.1)</customPortraitHeadDrawSize>
               <headOffset>(0.30, 0)</headOffset>
               <bodyAddons />
            </alienPartGenerator>
         </generalSettings>
         <thoughtSettings Inherit="false">
         </thoughtSettings>
         <relationSettings Inherit="false">
            <renamer>
               <li>
                  <relation>Sibling</relation>
                  <label>Genetic Twin</label>
               </li>
            </renamer>
            <relationChanceModifierLover>0.3</relationChanceModifierLover>
            <relationChanceModifierExLover>0.3</relationChanceModifierExLover>
            <relationChanceModifierFiance>0.1</relationChanceModifierFiance>
            <relationChanceModifierSpouse>0.1</relationChanceModifierSpouse>
            <relationChanceModifierExSpouse>0.1</relationChanceModifierExSpouse>
            <relationChanceModifierParent>0</relationChanceModifierParent>
            <relationChanceModifierChild>0</relationChanceModifierChild>
            <relationChanceModifierSibling>2</relationChanceModifierSibling>
         </relationSettings>
         <graphicPaths>
            <li>
               <body>Pawns/Brute/Base/</body>
               <head>Pawns/Brute/Head/</head>
            </li>
         </graphicPaths>
         <hairSettings>
            <hasHair>true</hasHair>
         </hairSettings>
      </alienRace>
      <statBases>
		 <CarryingCapacity>200</CarryingCapacity>
		 <Mass>150.0</Mass>
         <MarketValue>3500</MarketValue>
         <MoveSpeed>3.2</MoveSpeed>
         <Flammability>1.0</Flammability>
         <ComfyTemperatureMin>-3</ComfyTemperatureMin>
         <ComfyTemperatureMax>25</ComfyTemperatureMax>
		 <MeatAmount>100</MeatAmount>
         <LeatherAmount>125</LeatherAmount>
		 <NegotiationAbility>0.0</NegotiationAbility>
         <PsychicSensitivity>0.0</PsychicSensitivity>
         <SocialImpact>0.0</SocialImpact>
		 <TradePriceImprovement>-0.5</TradePriceImprovement>
		 <GlobalLearningFactor>0.25</GlobalLearningFactor>
		 <MiningYield>1.7</MiningYield>
		 <GeneralLaborSpeed>0.75</GeneralLaborSpeed>
         <WorkSpeedGlobal>0.75</WorkSpeedGlobal>
		 <MeleeArmorPenetration>1.2</MeleeArmorPenetration>
         <MeleeHitChance>0.70</MeleeHitChance>
         <MeleeDodgeChance>0.10</MeleeDodgeChance>
         <PainShockThreshold>2.0</PainShockThreshold>
		 
      </statBases>
      <tools Inherit="false">
         <li>
            <label>left fist</label>
            <capacities>
               <li>Blunt</li>
            </capacities>
            <power>14</power>
            <cooldownTime>3</cooldownTime>
            <linkedBodyPartsGroup>LeftHand</linkedBodyPartsGroup>
            <surpriseAttack>
               <extraMeleeDamages>
                  <li>
                     <def>Stun</def>
                     <amount>30</amount>
                  </li>
               </extraMeleeDamages>
            </surpriseAttack>
         </li>
         <li>
            <label>teeth</label>
            <capacities>
               <li>Bite</li>
            </capacities>
            <power>13</power>
            <cooldownTime>2.5</cooldownTime>
            <linkedBodyPartsGroup>Teeth</linkedBodyPartsGroup>
            <chanceFactor>0.07</chanceFactor>
         </li>
         <li>
            <label>right fist</label>
            <capacities>
               <li>Blunt</li>
            </capacities>
            <power>14</power>
            <cooldownTime>3</cooldownTime>
            <linkedBodyPartsGroup>RightHand</linkedBodyPartsGroup>
            <surpriseAttack>
               <extraMeleeDamages>
                  <li>
                     <def>Stun</def>
                     <amount>30</amount>
                  </li>
               </extraMeleeDamages>
            </surpriseAttack>
         </li>
         <li>
            <label>head</label>
            <capacities>
               <li>Blunt</li>
            </capacities>
            <power>10</power>
            <cooldownTime>2</cooldownTime>
            <linkedBodyPartsGroup>HeadAttackTool</linkedBodyPartsGroup>
            <chanceFactor>0.5</chanceFactor>
         </li>
      </tools>
      <race>
		 <nameGenerator>NamerPersonTribal</nameGenerator>
         <lifeExpectancy>200</lifeExpectancy>
		 <baseHungerRate>1.50</baseHungerRate>
         <baseBodySize>1</baseBodySize>
         <baseHealthScale>2.5</baseHealthScale>
         <manhunterOnDamageChance>0.60</manhunterOnDamageChance>
         <manhunterOnTameFailChance>0.10</manhunterOnTameFailChance>
         <ageGenerationCurve>
            <points>
               <li>(18,0)</li>
               <li>(20,100)</li>
               <li>(30,90)</li>
               <li>(60,70)</li>
               <li>(70,40)</li>
               <li>(80,30)</li>
               <li>(150,20)</li>
			   <li>(180,10)</li>
               <li>(200,0)</li>
            </points>
         </ageGenerationCurve>
      </race>
   </AlienRace.ThingDef_AlienRace>
</Defs>