<?xml version="1.0" encoding="utf-8" ?>
<Defs>
    <AlienRace.ThingDef_AlienRace ParentName="BasePawn" Abstract="True" Name="HE_Base">
        <alienRace>
            <generalSettings>
                <humanRecipeImport>true</humanRecipeImport>
                <maleGenderProbability>.5</maleGenderProbability>
                <immuneToAge>false</immuneToAge>
            </generalSettings>
            <thoughtSettings>
                <cannotReceiveThoughts>
                </cannotReceiveThoughts>
                <ateThoughtSpecific>
                </ateThoughtSpecific>
                <replacerList>
                </replacerList>
            </thoughtSettings>
            <raceRestriction>
            </raceRestriction>
            <relationSettings>
                <relationChanceModifierLover>1</relationChanceModifierLover>
                <relationChanceModifierExLover>1</relationChanceModifierExLover>
                <relationChanceModifierFiance>1</relationChanceModifierFiance>
                <relationChanceModifierSpouse>1</relationChanceModifierSpouse>
                <relationChanceModifierExSpouse>1</relationChanceModifierExSpouse>
                <relationChanceModifierParent>1</relationChanceModifierParent>
                <relationChanceModifierChild>1</relationChanceModifierChild>
                <relationChanceModifierSibling>1</relationChanceModifierSibling>
            </relationSettings>
        </alienRace>
		<tools>
            <li>
                <label>left fist</label>
                <capacities>
                    <li>Blunt</li>
                </capacities>
                <power>8.2</power>
                <cooldownTime>2</cooldownTime>
                <linkedBodyPartsGroup>LeftHand</linkedBodyPartsGroup>
                <surpriseAttack>
                    <extraMeleeDamages>
                        <li>
                            <def>Stun</def>
                            <amount>14</amount>
                        </li>
                    </extraMeleeDamages>
                </surpriseAttack>
            </li>
            <li>
                <label>right fist</label>
                <capacities>
                    <li>Blunt</li>
                </capacities>
                <power>8.2</power>
                <cooldownTime>2</cooldownTime>
                <linkedBodyPartsGroup>RightHand</linkedBodyPartsGroup>
                <surpriseAttack>
                    <extraMeleeDamages>
                        <li>
                            <def>Stun</def>
                            <amount>14</amount>
                        </li>
                    </extraMeleeDamages>
                </surpriseAttack>
            </li>
            <li>
                <label>teeth</label>
                <capacities>
                    <li>Bite</li>
                </capacities>
                <power>8.2</power>
                <cooldownTime>2</cooldownTime>
                <linkedBodyPartsGroup>Teeth</linkedBodyPartsGroup>
                <chanceFactor>0.07</chanceFactor>
            </li>
            <li>
                <label>head</label>
                <capacities>
                    <li>Blunt</li>
                </capacities>
                <power>5</power>
                <cooldownTime>2</cooldownTime>
                <linkedBodyPartsGroup>HeadAttackTool</linkedBodyPartsGroup>
                <ensureLinkedBodyPartsGroupAlwaysUsable>true</ensureLinkedBodyPartsGroupAlwaysUsable>
                <chanceFactor>0.2</chanceFactor>
            </li>
		</tools>
        <race>
            <thinkTreeMain>Humanlike</thinkTreeMain>
            <thinkTreeConstant>HumanlikeConstant</thinkTreeConstant>
            <intelligence>Humanlike</intelligence>
            <makesFootprints>true</makesFootprints>
			<useLeatherFrom>Human</useLeatherFrom>
            <leatherDef>Leather_Human</leatherDef>
            <body>Human</body>
			<useMeatFrom>Human</useMeatFrom>
            <foodType>OmnivoreHuman</foodType>
			<baseBodySize>1</baseBodySize>
            <baseHealthScale>1.00</baseHealthScale>
			<baseHungerRate>1.0</baseHungerRate>
			<soundMeleeHitPawn>Pawn_Melee_Punch_HitPawn</soundMeleeHitPawn>
            <soundMeleeHitBuilding>Pawn_Melee_Punch_HitBuilding</soundMeleeHitBuilding>
            <soundMeleeMiss>Pawn_Melee_Punch_Miss</soundMeleeMiss>
			<specialShadowData>
                <volume>(0.3, 0.8, 0.4)</volume>
                <offset>(0,0,-0.3)</offset>
            </specialShadowData>
            <gestationPeriodDays>45</gestationPeriodDays>
            <meatMarketValue>0.8</meatMarketValue>
            <manhunterOnDamageChance>0.20</manhunterOnDamageChance>
            <manhunterOnTameFailChance>0.02</manhunterOnTameFailChance>
            <litterSizeCurve>
                <points>
                    <li>(0.5, 0)</li>
                    <li>(1, 1)</li>
                    <li>(1.01, 0.02)</li>
                    <li>(3.5, 0)</li>
                </points>
            </litterSizeCurve>
            <lifeStageAges>
                <li>
                    <def>HumanlikeBaby</def>
                    <minAge>0</minAge>
                </li>
                <li>
                    <def>HumanlikeToddler</def>
                    <minAge>1.2</minAge>
                </li>
                <li>
                    <def>HumanlikeChild</def>
                    <minAge>4</minAge>
                </li>
                <li>
                    <def>HumanlikeTeenager</def>
                    <minAge>13</minAge>
                </li>
                <li>
                    <def>HumanlikeAdult</def>
                    <minAge>18</minAge>
                </li>
            </lifeStageAges>
			<hediffGiverSets>
                <li>OrganicStandard</li>
                <li>Human</li>
            </hediffGiverSets>
        </race>
        <recipes>
            <li>InstallArchotechEye</li>
            <li>InstallArchotechArm</li>
            <li>InstallArchotechLeg</li>
            <li>InstallPowerClaw</li>
            <li>InstallBionicEye</li>
            <li>InstallBionicArm</li>
            <li>InstallBionicLeg</li>
            <li>InstallBionicSpine</li>
            <li>InstallBionicHeart</li>
            <li>InstallBionicStomach</li>
            <li>InstallBionicEar</li>
            <li>InstallSimpleProstheticArm</li>
            <li>InstallSimpleProstheticLeg</li>
            <li>InstallSimpleProstheticHeart</li>
            <li>InstallCochlearImplant</li>
            <li>InstallPegLeg</li>
            <li>InstallWoodenFoot</li>
            <li>InstallDenture</li>
            <li>InstallJoywire</li>
            <li>InstallPainstopper</li>
            <li>InstallNaturalHeart</li>
            <li>InstallNaturalLung</li>
            <li>InstallNaturalKidney</li>
            <li>InstallNaturalLiver</li>
            <li>ExciseCarcinoma</li>
            <li>AdministerMechSerumHealer</li>
            <li>RemoveBodyPart</li>
            <li>Euthanize</li>
            <li>Anesthetize</li>
        </recipes>
    </AlienRace.ThingDef_AlienRace>
</Defs>