<?xml version="1.0" encoding="utf-8"?>
<Defs>

<PawnKindDef Name = "brutebase" Abstract = "True">
	<defaultFactionType>Pirate</defaultFactionType>
	<label>Brute</label>
	<race>Human_Brute</race>
	<invNutrition>4.55</invNutrition>
	<chemicalAddictionChance>0.035</chemicalAddictionChance>
	<baseRecruitDifficulty>1</baseRecruitDifficulty>
	<backstoryCategories>
		<li>Brute_SoldierBSC</li>
		<!-- <li>Brute_WorkerBSC</li> -->
		<!-- <li>Brute_GentleBSC</li> -->
  	</backstoryCategories>
	<apparelTags>
      <li>Outlander</li>
      <li>IndustrialBasic</li>
      <li>IndustrialAdvanced</li>
      <li>IndustrialMilitaryBasic</li>
      <li>IndustrialMilitaryAdvanced</li>
      <li>SpacerMilitary</li>
    </apparelTags>

</PawnKindDef>

<PawnKindDef ParentName = "brutebase">
    <defName>Pirate_BruteSoldierM</defName>
	<label>Brute Soldier</label>
	<combatPower>400</combatPower>
	 <apparelAllowHeadgearChance>0.8</apparelAllowHeadgearChance>
	 <itemQuality>Normal</itemQuality>
    <isFighter>true</isFighter>
	<gearHealthRange>
      <min>0.7</min>
      <max>2.0</max>
    </gearHealthRange>
	<apparelMoney>
      <min>600</min>
      <max>2000</max>
	 </apparelMoney>
	  <weaponMoney>
      <min>600</min>
      <max>3000</max>
    </weaponMoney>
	<weaponTags>
		<li>MedievalMeleeDecent</li>
		<li>MedievalMeleeAdvanced</li>
    </weaponTags>
	 <techHediffsMoney>
      <min>200</min>
      <max>2000</max>
    </techHediffsMoney>
	<techHediffsChance>0.002</techHediffsChance>
	<techHediffsTags>
      <li>advanced</li>
    </techHediffsTags>
	<backstoryCategories>
        <li>Brute_SoldierBSC</li>
    </backstoryCategories>
	<apparelTags>
      <li>IndustrialMilitaryBasic</li>
      <li>IndustrialMilitaryAdvanced</li>
      <li>SpacerMilitary</li>
    </apparelTags>
</PawnKindDef>

<AlienRace.BackstoryDef>
	<defName>Brute_Tube</defName>
		<title>Child of the Tube</title>
		<titleShort>Tube Child</titleShort>
		<baseDescription>Placeholder Text, should be something about being grown in a tube.</baseDescription>
		<slot>Childhood</slot>
		<workDisables>
				<li>Social</li>
		</workDisables>
		<bioAgeRange>
        <min>0</min>
        <max>18</max>
		</bioAgeRange>
		<chronoAgeRange>
        <min>2</min>
        <max>4</max>
		</chronoAgeRange>
		<spawnCategories>
			<li>Brute_SoldierBSC</li>
			<li>Brute_WorkerBSC</li>
		</spawnCategories>
</AlienRace.BackstoryDef>

<AlienRace.BackstoryDef>
		<defName>Brute_SoldierBS1</defName>
		<title>Brute Soldier</title>
		<titleShort>Soldier</titleShort>
		<baseDescription>Placeholder Text, Should be About Melee Combat in a Orbworld</baseDescription>
		<slot>Adulthood</slot>
		<skillGains>
			<li>
				<defName>Melee</defName>
				<amount>7</amount>
			</li>
		</skillGains>
		<workDisables>
				<li>Social</li>
		</workDisables>
		<forcedTraits>
        <li>
            <defName>Brawler</defName>
            <chance>80</chance>
        </li>
		</forcedTraits>
	<bioAgeRange>
        <min>18</min>
        <max>200</max>
	</bioAgeRange>
	<chronoAgeRange>
        <min>5</min>
        <max>149</max>
    </chronoAgeRange>
		
		<spawnCategories>
			<li>Brute_SoldierBSC</li>
		</spawnCategories>
</AlienRace.BackstoryDef>
	
</Defs>