<?xml version="1.0" encoding="utf-8"?>
<Defs>

<PawnKindDef>
    <defName>Pirate_BruteSoldier</defName>
	<label>Brute Soldier</label>
	<race>HumanBrute</race>
	<combatPower>400</combatPower>
	
	<backstoryCategories>
        <li>Brute_SoldierBSC</li>
    </backstoryCategories>
	
</PawnKindDef>

<AlienRace.BackstoryDef>
	<defName>Brute_Tube</defName>
		<title>Child of the Tube</title>
		<titleShort>Tube Child</titleShort>
		<baseDescription>Placeholder Text, should be something about being grown in a tube.</baseDescription>
		<slot>Childhood</slot>
		<workDisables>
				<li>Social</li>
		</workDisables>
		<bioAgeRange>
        <min>18</min>
        <max>40</max>
		</bioAgeRange>
		<chronoAgeRange>
        <min>2</min>
        <max>4</max>
		</chronoAgeRange>
		<spawnCategories>
			<li>Brute_SoldierBSC</li>
			<li>Brute_WorkerBSC</li>
		</spawnCategories>
</AlienRace.BackstoryDef>

<AlienRace.BackstoryDef>
		<defName>Brute_SoldierBS1</defName>
		<title>Brute Soldier</title>
		<titleShort>Soldier</titleShort>
		<baseDescription>Placeholder Text, Should be About Melee Combat in a Orbworld</baseDescription>
		<slot>Adulthood</slot>
		<skillGains>
			<li>
				<defName>Melee</defName>
				<amount>7</amount>
			</li>
		</skillGains>
		<workDisables>
				<li>Social</li>
		</workDisables>
		<forcedTraits>
        <li>
            <defName>Brawler</defName>
            <chance>80</chance>
        </li>
		</forcedTraits>
		<bioAgeRange>
        <min>30</min>
        <max>50</max>
		</bioAgeRange>
		<chronoAgeRange>
        <min>5</min>
        <max>149</max>
    </chronoAgeRange>
		
		<spawnCategories>
			<li>Brute_SoldierBSC</li>
		</spawnCategories>
</AlienRace.BackstoryDef>
	
</Defs>